human_accuracy,overall_accuracy,precision,recall,f1,total_cost,cost_savings
0.85,0.8540502393713403,0.5940600697237866,0.8472939376553834,0.6984314652794199,50829.0,12915.0
0.9,0.9021152415647828,0.6987610091058367,0.8951998470070759,0.7848759221998659,50829.0,-8277.0
0.95,0.950170707051441,0.8289931647586698,0.9451615987760567,0.883274132654201,50829.0,-29292.0
0.98,0.9790097083675066,0.9247809705388351,0.9739912029068656,0.9487483991151473,50829.0,-42000.0
